text,Toxic,MedicalTerminology,NonToxic,MinorityGroup,sentence_length
"Харесвате си транс мацка и искате да правите секс с нея, но не сте сигурни какво би я задоволило или как да не я обидите, тъй като не се чувствате добре запознати?",0,0,0,0,163
Това е статията за вас.,0,0,0,0,23
(Любопитните също са добре дошли!),0,0,0,0,34
"Нечесто се натъквам на коментари от мъже, които са попаднали в неловки секс ситуации или не разбират къде грешат, стане ли въпрос за транс секс.",0,0,0,0,144
Толкова много въпроси изникват при много стрейт или би/пан мъже: как да се отнеса с уважение?,0,0,0,0,93
Какво би й харесало?,0,0,0,0,20
Дали мога да я нарека ____ без да прегазя лука?,0,0,0,0,47
"Отговорът на всичко това, дори да не сте силно информирани с детайли около транс идентичностите е много прост.",0,0,0,0,110
Просто следваме едничкото правило за добър секс като цяло – а това е добра КОМУНИКАЦИЯ.,0,0,0,0,87
Страх ви е да питате?,0,0,0,0,21
Питайте.,0,0,0,0,8
"Давам ви гаранция, че резултатът от това ще е поне 10 пъти по-задоволителен от това да премълчите и да сгафите с нещо, което партньорката ви всъщност не намира за особено привличащо.",0,0,0,0,182
Изговорете всички притеснения и когато всичко е на една страница – тогава е време да започнете.,0,0,0,0,95
"Ето все пак и някои неща, които е добре да се вземат предвид:",0,0,0,0,61
"Не по-малко важно от всичко останало е, да се уверите, че сте запознати с местоименията на партньора ви – кофти изказвания по време на секс могат тотално да убият настроението и атмосферата.",0,0,0,0,190
"Покажете, че ви пука.",0,0,0,0,21
Важно е.,0,0,0,0,8
"Ако се чудите как да се отнесете с транс момиче например – нека не забравяме, че да правите секс с нея, не е по-различно от това да правите секс с което и да е друго момиче – подходете по такъв начин и с тази менталност.",0,0,0,0,220
"Ако сте мъж – да правите секс с транс момиче, не е нещо “гей“ и определено не е “фетиш“ (независимо какво сте чули).",0,0,0,0,116
Транс хората сме човешки същества като всички други и не очакваме по-специално отношение.,0,0,0,0,89
Очакваме човешко такова.,0,0,0,0,24
И го заслужаваме.,0,0,0,0,17
Нова година – нов #TRANSlation.,0,0,0,0,31
"След цялата трансфобия, която се изля от личности като J.",0,0,0,0,57
K.,0,0,0,0,2
"Rowling и след решението на Конституционния съд у нас наистина се замислих, колко много на всички ни е писнало да чуваме за “биологичният пол“.",0,0,0,0,143
"Всъщност, ако дисектираме достатъчно разбиранията и твърденията на повечето хора за него, ще осъзнаем, че той реално НЕ СЪЩЕСТВУВА.",0,0,0,0,131
"Нека погледнем разни мнения, които често срещам (перифразирани и лишени от циничност):",0,0,0,0,86
Това далеч не е така.,0,0,0,0,21
"Според статистики около 2% (колкото е и популацията на червенокоси хора) от населението на земята се ражда интерсекс и има отличителни белези и от двата пола, което е само една от причините принизяването на биологичният пол до гениталиите на човек да е меко казано абсурдно.",0,0,0,0,274
Какво се случва с всеки от нас там долу е нещо изключително лично и често хората стрелят с грешни предположения.,0,0,0,0,112
"Всъщност именно това погрешно разбиране причинява много болка не само за транс, но и за интерсекс хората, защото често докторите си позволяват да правят хирургична намеса по собствена преценка, там където не трябва.",0,0,0,0,215
"Няма как да създадеш биологичният пол на чужд човек, само защото искаш да го поставиш в рамка.",0,0,0,0,94
"Това е друго нещо, което чувам често.",0,0,0,0,37
Всъщност на английски вече се популяризират термините AFAB и AMAB – Assigned Female at Birth и Assigned Male at Birth и това се случва с причина.,0,0,0,0,145
"Може би това е нещото, което всъщност се търси в случая и липсва, а спокойно може да фигурира в медицински документи.",0,0,0,0,117
Разбирането за пол и липсата на разграничаването на пол и sex в България създава множество обърквания.,0,0,0,0,102
Фигурирането на нещо подобно в документите трябва да е силно лично и конфиденциално.,0,0,0,0,84
Единствено трябва да сме отворени и готови за промяна.,0,0,0,0,54
Грешно!,0,0,0,0,7
"Транс хора винаги са съществували, но историците често пренебрегват или умишлено заличават всякакви признаци за нас.",0,0,0,0,116
"ЛГБТ заличаване (Queer erasure) от историята като цяло ражда такива разбирания, но те не са факти.",0,0,0,0,98
Под един ъгъл – той не съществува.,0,0,0,0,34
"Всички ние сме едни небинарни човешки същества, които бродим и кретаме по тази земя с всякакви гениталии, хромозоми и други отличителни белези.",0,0,0,0,143
Именно това прави ултиматният пол на човека най-вече съществуват вътре в нашите глави – част от нашата идентичност.,0,0,0,0,115
При някои себеосъзнаването за него идва в много ранна възраст и не се променя – при други (възможно заради социалният натиск) идва в по-късен етап.,0,0,0,0,147
"Уви често у нас изоставаме в разбиранията си – не само в политиката и медицината, но и културно.",0,0,0,0,96
Въпрос на време е типичните представи за биологичен пол да се разпаднат.,0,0,0,0,72
"Промяната идва, и е по-добре да сме част от нея, от колкото да вървим срещу течението.",0,0,0,0,86
"Особено, когато става въпрос за човешки животи.",0,0,0,0,47
"Снимка: Sucker Punch, WB",0,0,0,0,24
"Всеки трима от четирима са били тормозени в училище заради половата си идентичност в България, жалбите към полицията продължават да са малко, а малко над 30% са се сблъсквали с т.нар.",0,0,0,0,183
"практика на „обръщане“, за да ги накарат да променят сексуалната си ориентация и/или половата си идентичност, съобщава Дневник.",0,0,0,0,127
"Това са част от изводите на последното проучване на Агенцията на Европейския съюз за основните права (FRA), в което са се включили повече от 100 хиляди души, определящи себе си като част от ЛГБТИ+ общността, от всички 27 страни членки на Европейския съюз и Албания, Република Северна Македония и Сърбия.",0,0,0,0,303
Подобно проучване е правено през 2012 и 2019 г.,0,0,0,0,47
"Заключенията от изследването са, че в страните от Европейския съюз случаите на тормоз и насилие спрямо ЛГБТИ+ хората се увеличават, но на фона на тенденцията все повече хора открито да заявяват идентичността си и да срещат подкрепа от приятели, семейство и учители.",0,0,0,0,265
"Нивата на дискриминация също са високи, но бележат постепенен спад в страните от ЕС.",0,0,0,0,84
"Училищата са все по-проактивни в отношението си към ЛГБТИ+ темите, а младите хора срещат повече подкрепа от своите преподаватели и съученици.",0,0,0,0,141
Въпреки това тормозът и насилието срещу тях е на рекордно високо ниво.,0,0,0,0,70
Ситуацията в България е малко по-различна от общата за Европейския съюз и резултатите по много малко от показателите се доближават до средните за ЕС.,0,0,0,0,149
"У нас двойките все още се притесняват да се държат за ръка на публично място или открито да заявяват, че са част от ЛГБТИ+ общността.",0,0,0,0,133
"Ако процентът за Европейския съюз по откритост е 51%, то в България само 27% от респондентите казват, че са открити по темата.",0,0,0,0,126
"За близо 50% от хората в България, участвали в изследването, предразсъдъците и нетолерантността към ЛГБТИ+ общността са се увеличили през последните пет години.",0,0,0,0,160
Подобно усещане средно за Европейския съюз имат 53% от анкетираните.,0,0,0,0,68
"Данните за България показват още, че:",0,0,0,0,37
Наскоро Българският хелзинкски комитет (БХК) акцентира в годишния си доклад за човешките права за 2023 г.,0,0,0,0,105
"именно върху засилващата се реч на омразата към хората, определящи се като част от ЛГБТИ+ общността.",0,0,0,0,100
През 2023 г.,0,0,0,0,12
в България 28% са се чувствали дискриминирани на работа или в търсене на работа.,0,0,0,0,80
Средният процент по този показател за Европейския съюз е 19%.,0,0,0,0,61
"А половината от респондентите у нас са били дискриминирани поне в една област от живота, като в анализа на агенцията се посочва, че това може да е посещение на кафене, ресторант, болница или магазин.",0,0,0,0,199
За Европейския съюз този показател е 37%.,0,0,0,0,41
Високи са нивата за насилие и тормоз.,0,0,0,0,37
"Повече от половината от анкетираните – в България 60%, казват, че са били подложени на тормоз през годината преди проучването.",0,0,0,0,126
В Европейския съюз този процент е малко по-малък – 54%.,0,0,0,0,55
"Същевременно много малко хора търсят съдействие от страна на полицията – едва един от десет в България е съобщавал за физическо или сексуално нападение, както и за преживявана дискриминация.",0,0,0,0,190
"По този показател България е на нивата, средни в Европейския съюз.",0,0,0,0,66
"От Агенцията призовават държавите да предприемат определени мерки за справяне с проблемите, които проучването индикира.",0,0,0,0,119
"Сред тях са инвестиране в обучения за служителите на органите на реда с цел по-ефективно регистриране и разследване на престъпления от омраза срещу ЛГБТИ+ хората, така че жертвите да се чувстват в безопасност, когато подават сигнал, и да получават справедливо отношение.",0,0,0,0,270
Целият материал на Лора Филева може да прочетете в Дневник.,0,0,0,0,59
"Организационният комитет на София Прайд отбеляза Meждународния ден срещу хомофобията, бифобията и трансфобията със събитие, което събра на едно място дипломати, журналисти, артисти и представители на бизнеса и неправителствени организации в България.",0,0,0,0,250
"Събитието се провежда за трета поредна година и се организира от фондация GLAS, като този път домакини бяха посолството на Великобритания в България и посолството на кралство Нидерландия в България.",0,0,0,0,198
По време на събитието Н.,0,0,0,0,24
Пр.,0,0,0,0,3
"Д-р Роб Диксън, посланик на Великобритания в България, призова гостите да разсъждават върху целите на тазгодишния IDAHOBIT – Международен ден за борба с хомофобията, бифобията и трансфобията: „Да не изоставяме никого: Равенство, свобода и справедливост за всички“.",0,0,0,0,264
"Диксън каза, че това е призив към всички нас да прегърнем многообразието и да работим за пълно включване – у дома, на работа и в законодателството.",0,0,0,0,147
"Той допълни: „Събитията на и около Международния ден за борбата с хомофобията, бифобията и трансфобията имат за цел да привлекат вниманието към дискриминацията и насилието, пред които са изправени ЛГБТИ+ хора по света.",0,0,0,0,218
"Тази вечер пред вас, членовете на ЛГБТI+ общността, съюзници и приятели, бих искал да потвърдя, че сме решени да застанем рамо до рамо с вас“.",0,0,0,0,142
Миналото лято бяха приети някои важни и дългоочаквани промени в българското законодателство.,0,0,0,0,92
Възприеманата или действителна сексуална ориентация вече е утежняващ фактор в случаите на престъпления от омраза.,0,0,0,0,113
"Поздравявайки хората, които работиха за промяната в закона за разширяване на защитата срещу престъпления от омраза, британският посланик каза: „Знам, че много от вас тук тази вечер бяха активни, за да гарантират, че тези важни промени са реалност.",0,0,0,0,247
"Честито!“ Той допълни, че има много много държави, които все още имат да извървят път докато осигурят пълно равенство за ЛГБТИК+ хората и отбеляза, че е важно да празнуваме напредъка и да се ангажираме да го надграждаме.",0,0,0,0,220
Н.Пр.,0,0,0,0,5
"Симон ван дер Бург, посланик на кралство Нидерландия в България: “Нидерландия приветства съвместна работа и диалог между ключовите участници с цел да сложи край на глобалното и системно насилие, дискриминация и криминализация, с която се сблъскват ЛГБТИ+ хората.",0,0,0,0,262
"Поздравявам неправителствените организации, които се борят с това и работят за повишаването на общественото приемане на ЛГБТИ+ хората навсякъде.",0,0,0,0,144
Ние сме с вас.”,0,0,0,0,15
"София Прайд 2024, най-голямото събитие в защита на човешките права в България, ще се проведе на площад “Княз Александър I Батенберг” на 22 юни.",0,0,0,0,143
Вратите на събитието отварят в 14:00 часа.,0,0,0,0,42
"Новата локация ще бъде домакин на концерт, който започва в 16:00 часа и предхожда протестното шествие.",0,0,0,0,102
Той събира на сцената си едни от най-големите музикални звезди в България.,0,0,0,0,74
София Прайд отново ще даде възможност на млади артисти да се изявят и да пеят пред хиляди.,0,0,0,0,90
"Докато Европа се приближава към многобройни избори, включително изборите за Европейски парламент следващия месец, правата на ЛГБТИ+ хората се превръщат в маркер за защита на свободата и демокрацията на фона на възхода на крайно десните сили, показва новата „Карта на дъгата„.",0,0,0,0,275
"Европейската ЛГБТИ+ организация ILGA-Europe представи за шестнадесета поредна година „Карта на дъгата„, която подрежда 49 европейски държави по законодателни промени в областта на човешките права на ЛГБТИ+ общността.",0,0,0,0,216
"Тази година картата показва, че докато авторитарните лидери в Европа продължават да използват обвиненията срещу ЛГБТИ+ хората, за да разделят и мобилизират своите избиратели, други показват твърда политическа воля да спазват ангажиментите си за развитие и защита на човешките права на ЛГБТИ+ общността.",0,0,0,0,302
"В момент, когато някои италиански региони отнемат родителските права на еднополовите двойки, когато в Словакия, Хърватия, Франция и Обединеното кралство се полагат усилия за пренаписване на насоки за ограничаване на достъпа до специфично за транс лицата здравно обслужване и когато сме свидетели на безпрецедентната стъпка на Русия да криминализира „международното ЛГБТ движение“ като „екстремистка организация„, констатациите на тазгодишната „Карта на дъгата“ показват по-ясно от всякога, че само правната защита може да гарантира спазването на основните права.",0,0,0,0,562
"„Картата на дъгата“ се публикува само ден след доклада на Агенцията на Европейския съюз за основните права „Проучване на ЛГБТИ+ общността III„, в който се констатира, че над две трети от анкетираните са се сблъсквали с изявления на омраза и че насилието се е увеличило значително в сравнение с последното проучване през 2019 г.",0,0,0,0,327
"Според директора по застъпничеството на ILGA-Europe, Катрин Хугендубел: „В цяла Европа ЛГБТИ+ хората са обект на реч на омразата и насилие, а човешките им права се подкопават активно, но все още виждаме, че твърде много държави в региона се бавят с придвижването на правната защита и не подновяват ангажиментите си чрез национални стратегии и планове за действие.",0,0,0,0,363
"Това бездействие е опасно, тъй като без подходящо законодателство за защита на малцинствата, включително ЛГБТИ+ хората, за новоизбраните правителства ще бъде твърде лесно бързо да подкопаят правата на човека и демокрацията.“",0,0,0,0,224
"„Картата на дъгата“ показва, че някои правителства са направили крачка напред в това отношение.",0,0,0,0,95
"В годината на повече от 30 избори в целия регион, включително изборите за Европейски парламент следващия месец, картата показва силна политическа воля за защита на човешките права на ЛГБТИ+ общността в няколко държави.",0,0,0,0,218
"Германия, Исландия, Естония, Лихтенщайн и Гърция отбелязаха едни от най-големите скокове в класацията на „Картата на дъгата„.",0,0,0,0,125
"Както Естония, така и Гърция измениха законите си, за да позволят на еднополовите двойки да сключват брак и да осиновяват деца, Гърция също така запълни пропуските в антидискриминационното си законодателство, за да защити напълно ЛГБТИ+ хората, а Лихтенщайн разшири правата за осиновяване от еднополови двойки.",0,0,0,0,310
"Държавите също така работят усилено за въвеждане на мерки в областта на престъпността, които признават половата идентичност и сексуалната ориентация на жертвата като утежняващ фактор.",0,0,0,0,183
"Германия, която направи най-голям скок в класацията тази година, криминализира престъпленията от омраза, основани на сексуална ориентация, полова идентичност и полови характеристики.",0,0,0,0,182
"Други държави, които приемат закони срещу престъпленията от омраза, са България, Исландия (която скочи до №2 в класацията) и Словения.",0,0,0,0,134
"Забрани на практиките на конверсионна терапия, с които също се упражнява насилие срещу ЛГБТИ+ хората, бяха въведени в Белгия, Кипър, Исландия, Норвегия и Португалия.",0,0,0,0,165
"Но други държави, като Италия, която падна с две места в класацията поради забавяне на законодателната защита в продължение на много години, показват какво може да се случи, когато няма законодателство и на власт дойдат крайно десни правителства.",0,0,0,0,246
"Повечето присъединяващи се към ЕС страни (Албания, Босна и Херцеговина, Косово, Молдова, Черна гора, Северна Македония, Сърбия, Украйна) изостават в изпълнението на ангажиментите си, забавят въвеждането на законодателството и по този начин излагат гражданите си на все по-голям риск от реална реакция и подкопаване на основните права.",0,0,0,0,334
"Турция и Грузия, също кандидатки за присъединяване, активно нарушават правата на човека и основните свободи, включително полагат усилия за приемане на ново законодателство, насочено по-специално срещу ЛГБТИ+ хората.",0,0,0,0,215
"Грузия, една от най-скоро присъединилите се страни, потушава проевропейските протести срещу предложения от нея закон за „чуждестранните агенти„, който идва директно от руския наръчник срещу „ЛГБТ пропагандата„.",0,0,0,0,210
"Според изпълнителния директор на ILGA-Europe, Шабер: „ЕС трябва да обърне голямо внимание не само на нарастването на политическата реч на омразата срещу ЛГБТИ+ хората, но и на новите инструменти за потисничество, като руското криминализиране на цял сегмент от населението на страната.",0,0,0,0,284
"Усилията за разделение и отвличане на вниманието от консолидираните авторитарни режими допълнително се просмукват в други европейски държави в момент, когато изборите могат да тласнат Европа в ръцете на лидери, които искат да оформят радикално десен, антидемократичен Европейски съюз.",0,0,0,0,284
Европа се нуждае от по-силни закони и политики за защита на ЛГБТИ+ хората.,0,0,0,0,74
"Без тях не можем да говорим нито за безопасност, нито за върховенство на закона и демокрация.“",0,0,0,0,94
"Картата на дъгата – годишният инструмент за сравнителен анализ на ILGA-Europe – се състои от „Картата на дъгата“ и „Индекс на дъгата„, както и от национални препоръки.",0,0,0,0,167
ILGA-Europe изготвя картата и индекса от 2009 г.,0,0,0,0,48
"насам, като ги използва, за да илюстрира правното и политическото положение на ЛГБТИ+ хората в Европа.",0,0,0,0,102
Те класират европейските държави по съответните им правни и политически практики за ЛГБТИ+ хората от 0 до 100%.,0,0,0,0,111
"За да състави класацията, ILGA-Europe проучва законите и политиките в 49 държави, като използва 75 критерия, разпределени в седем тематични категории: равенство и недискриминация; семейство; престъпления от омраза и реч на омразата; законово признаване на пола; телесна неприкосновеност на интерсекс лицата; пространство на гражданското общество и убежище.",0,0,0,0,356
"Картата и индексът представят картина на настоящия политически пейзаж, а препоръките за отделните държави се опитват да отговорят на въпроса „какво следва?„.",0,0,0,0,157
Тези препоръки имат за цел да насърчат създателите на политики да се заемат с най-неотложните правни и политически приоритети.,0,0,0,0,126
"През тази година уебсайтът на „Картата на дъгата“ беше подновен с нов облик и включва функции, които позволяват подобрена визуализация на данните, както и по-гъвкав и удобен за ползване достъп до тях.",0,0,0,0,200
За девета поредна година Малта продължава да заема първото място с резултат от 88%.,0,0,0,0,83
"С 83 процента Исландия е на второ място, като се изкачи с три места в резултат на новото законодателство, забраняващо конверсионната терапия и при-транс здравни закони.",0,0,0,0,168
Белгия също забрани конверсионната терапия и сега заема трето място в класацията с резултат от 78 процента.,0,0,0,0,107
"Трите държави в другия край на скалата на „Картата на дъгата“ са Русия (2%), Азербайджан (2%) и Турция (5%).",0,0,0,0,108
"Русия загуби 7 процента и падна с 3 места заради федералното законодателство, забраняващо юридическото признаване на пола и специфичното за транс хората здравеопазване.",0,0,0,0,168
"Полша все още е в края на класацията на ЕС с 18%, следвана от Румъния (19%) и България (23%).",0,0,0,0,93
"Въпреки ниския резултат на България и 39-та позиция, страната ни бележи скок от миналогодишния резултат – 19,8% през 2023.",0,0,0,0,122
"Това се дължи на приемането на закони, които признават сексуалната ориентация на жертвата като утежняващо вината обстоятелство, решенията по делото „Бебе Сара“, както и работата на фондациите GLAS и Bilitis, БХК, правната ЛГБТИ+ организация „Действие“ и комитетът по организиране и провеждане на София Прайд.",0,0,0,0,308
Повече информация ще откриете на сайта на „Карта на дъгата„.,0,0,0,0,60
"Подкрепете европейската гражданска инициатива My Voice, My Choice („Моят глас, моят избор“) за правото на безопасен и достъпен аборт, като подпишете тук.",0,0,0,0,153
"Това излага на риск не само физическото им здраве, но създава неоправдан икономически и психически стрес за тях, техните семейства и близки, като често най-застрашени са жените от уязвими групи.",0,0,0,0,194
"Кампанията My Voice, My Choice предлага на хората в Европа възможност да направят живота на жените по-свободен, по-безопасен и по-добър, където и да живеят в Съюза, независимо от условията, в които се намират.",0,0,0,0,209
"Липсата в много части на Европа на достъп до аборт не само излага жените на риск от физическо увреждане, но също така ги подлага на ненужен икономически и психически стрес, често в маргинализираните общности, които най-трудно могат да се справят с това.",0,0,0,0,253
"Добре документирано е, че третирането на репродуктивните грижи като лукс не намалява абортите, а само води до това жените да предприемат опасни аборти.",0,0,0,0,151
"Инициативата призовава Комисията — в дух на солидарност — да представи предложение за финансова подкрепа на държавите членки, така че да стане възможно безопасното прекратяване на бременност за всеки в Европа, който все още няма достъп до безопасен и законен аборт.",0,0,0,0,265
"В много случаи животът и поминъкът са прекратени, нарушени или загубени поради липсата на достъп до безопасен аборт.",0,0,0,0,116
"С тази европейска гражданска инициатива ще се доближим до по-справедлива политика, която изразява нашите европейски ценности по-състрадателно и конкретно.",0,0,0,0,154
"Ако петицията събере 1 милион подписа, Европейската комисия е длъжна да разгледа исканията на инициативата.",0,0,0,0,107
Споделете и подпишете тук.,0,0,0,0,26
"В петък администрацията на Байдън финализира новите широкообхватни допълнения в закона за борба с дискриминацията, за да защити хората в държавните училища и университети от дискриминация и тормоз, основани на пол и сексуална ориентация.",0,0,0,0,237
Допълненията към дял IX – предложени за първи път през 2022 г.,0,0,0,0,62
"– означават, че правата на ЛГБТИ+ учениците ще бъдат защитени от федералния закон, а освен това жертвите на сексуално насилие в университетските кампуси ще получат гаранции и допълнителна подкрепа.",0,0,0,0,197
Финализираните допълнения предоставят изрична защита на учениците и студентите от ЛГБТИ+ общността и изрично забраняват дискриминацията въз основа на сексуална ориентация и полова идентичност.,0,0,0,0,192
"Въпреки това не се споменава темата за транс спортистите, които са изправени пред все по-жестоки атаки срещу правото си да участват в училищни спортове, като републиканците се обединяват около забрани за транс спортисти в женските спортове.",0,0,0,0,240
"Руски конкурс за поезия забранява на транс хора да изпращат творби тази година, като по думите на организаторите това е опит да се „защитят традиционните ценности“, съобщава Ройтерс.",0,0,0,0,182
"Конкурсът за поезия „Андрей Дементиев“ приема литературни произведения до края на месец април от поети „независимо от гражданството, националността, професията и местоживеенето им„.",0,0,0,0,181
"Според правилата, обаче, публикувани на уебсайта на местната организация за поезия, конкурсът изрично не допуска „граждани, които са сменили пола си„.",0,0,0,0,150
"Организаторите на конкурса заявиха, че този ход е опит да се „запазят традиционните за руското общество представи за брака, семейството, майчинството, бащинството и детството„.",0,0,0,0,176
"Под ръководството на президента Владимир Путин, Русия активно се бори срещу ЛГБТИ+ общността, представяйки куиър хората като западно изобретение, което застрашава традиционните руски ценности.",0,0,0,0,192
"Неотдавна Русия определи „ЛГБТИ+ движението„, като екстремистко, а тези, които го подкрепят – като терористи, което открива възможности за водене на сериозни наказателни дела срещу ЛГБТИ+ хората в Русия и техните защитници.",0,0,0,0,223
"В понеделник иракските депутати отложиха гласуването на законопроект, който предвижда смъртно наказание или доживотен затвор за еднополови връзки – мярка, която според дипломати от западни страни може да има сериозни последици за политическите и икономическите отношения на Ирак, ако бъде приета.",0,0,0,0,296
"Законопроектът предвижда доживотен затвор или смъртно наказание за всеки, който участва в „еднополови отношения“.",0,0,0,0,113
"Той също така криминализира обсъждането и популяризирането на теми, свързани с ЛГБТИ+ общността, а нарушителите ще се наказват с минимална присъда от седем години затвор.",0,0,0,0,170
"Двама депутати, участвали в заседанието, заявиха, че гласуването е било отложено поради недостиг на време и че са останали някои разногласия по предложените изменения.",0,0,0,0,167
"Понастоящем предимно мюсюлманският Ирак не криминализира изрично сексуалните отношения между мъже, но слабо дефинирани клаузи за морал в наказателния кодекс се използват за преследване на ЛГБТИ+ хората в страната.",0,0,0,0,213
"Парламентът заседаваше, за да гласува законопроекта, само няколко часа преди министър-председателят Мохамед Шиа ал-Судани да се срещне с президента на САЩ Джо Байдън във Вашингтон по време на пътуване, посветено на настояването за повече американски инвестиции.",0,0,0,0,261
В сряда парламентът на Тайланд одобри с огромно мнозинство законопроект за равенство на браковете.,0,0,0,0,98
"Законопроектът, подготвян повече от десетилетие, беше подкрепен от всички основни партии в Тайланд – 400 от присъстващите 415 депутати, като само 10 гласуваха против.",0,0,0,0,166
"Той все още се нуждае от одобрението на Сената и подкрепата на краля, преди да стане закон и да влезе в сила 120 дни по-късно.",0,0,0,0,126
"Тайланд отдавна е притегателна точка за еднополовите двойки, с оживена и видима социална сцена за местни и емигранти, както и с целенасочени кампании за привличане на ЛГБТИ+ туристи.",0,0,0,0,182
"В сряда парламентът на Гана се приближи до гласуването на законопроект, който има за цел да ограничи още повече правата на ЛГБТИ+ хората, като отхвърли предложение, което предвиждаше да замени наказанието лишаване от свобода за секс между мъже да бъде заменен с наказания, които не са свързани с лишаване от свобода, като например консултации.",0,0,0,0,343
"Коалиция от християнски, мюсюлмански и ганайски традиционни лидери подкрепиха по-строгия закон, който се ползва с подкрепата на повечето законодатели.",0,0,0,0,150
То ще наказва насърчаването на правата на ЛГБТИ+ общността с до 10 години затвор.,0,0,0,0,81
"В западноафриканската страна сексът между хора от един и същи пол вече се наказва с до три години затвор, а според законопроекта размерът на наказанието ще се увеличи на пет години.",0,0,0,0,181
"Законопроектът, който е един от най-строгите по рода си в Африка, ще бъде прецизиран, за да бъде гласуван в парламента.",0,0,0,0,119
"Ако той бъде одобрен, за да влезе в сила, ще е необходимо съгласието на президента Нана Акуфо-Адо, който все още не е потвърдил дали ще даде своята подкрепа.",0,0,0,0,157
Инициаторите се стремят законопроектът да бъде приет до март.,0,0,0,0,61
"Обсъждането на предложения законопроект засили страховете в ЛГБТИ+ общността, която вече е изправена пред злоупотреби и враждебност, казват активисти.",0,0,0,0,150
"Гърция стана първата страна с преобладаващо православно християнско население, която узакони еднополовите бракове.",0,0,0,0,114
"След гласуването в парламента снощи, 15 февруари, със 176-76 гласа еднополовите двойки също ще имат и правото да осиновяват деца.",0,0,0,0,129
"Министър-председателят Кириакос Мицотакис заяви, че новият закон „смело ще премахне едно сериозно неравенство„.",0,0,0,0,111
"Това решение раздели страната, като православната църква оказа ожесточена съпротива.",0,0,0,0,84
Нейни поддръжници проведоха протестен митинг в Атина.,0,0,0,0,53
"Мнозина издигнаха знамена, държаха кръстове, четоха молитви и откъси от Библията на столичния площад Синтагма.",0,0,0,0,110
"Главата на православната църква, архиепископ Йероним, заяви, че мярката ще „развали социалното единство на родината„.",0,0,0,0,117
"Законопроектът се нуждаеше от обикновено мнозинство, за да премине през 300-членния парламент.",0,0,0,0,94
"Мицотакис се застъпи за законопроекта, но за да го прокара, се нуждаеше от подкрепата на опозиционните партии, тъй като десетки депутати от неговата дясноцентристка управляваща партия бяха против.",0,0,0,0,196
"„Хората, които са били невидими, най-накрая ще станат видими около нас, а заедно с тях и много деца най-накрая ще намерят любящ дом.„, заяви министър-председателят пред парламента по време на дебата преди гласуването.",0,0,0,0,217
"„Реформата прави живота на голяма част от нашето общество по-добър, без да отнема нищо от живота на останалите.“",0,0,0,0,112
Гласуването беше приветствано от ЛГБТИ+ организациите в Гърция.,0,0,0,0,63
"„Това е исторически момент„, заяви пред агенция Ройтерс Стела Белия, ръководител на групата на еднополовите родители Rainbow Families.",0,0,0,0,134
15 от 27-те членки на Европейския съюз вече са узаконили еднополовите бракове.,0,0,0,0,78
Брачно равенство има в 35 държави по света.,0,0,0,0,43
"Досега Гърция изоставаше от някои от европейските си съседи, до голяма степен поради съпротивата на църквата.",0,0,0,0,109
"Гърция е първата страна в Югоизточна Европа, в която е въведено брачното равенство.",0,0,0,0,83
Важна част от живота на гей мъжете е посветена на изкуството на аналния секс.,0,0,0,0,77
"Според някои той е невероятно изживяване, според други – болезнен и неприятен опит.",0,0,0,0,83
"Разбира се, има правилен и неправилен начин и опита се изгражда с времето.",0,0,0,0,74
"При много малко гей мъже, които харесват пасивната роля, неземната наслада се е появила от самото начало.",0,0,0,0,105
"Понякога са нужни години опит, както и полезни съвети, като тези, които ще прочетете тук:",0,0,0,0,89
Консумирайте големи количества фибри:,0,0,0,0,37
Първото и най-важно правило за пасивните гей мъже е „внимавайте как се храните“.,0,0,0,0,80
"В интернет ще откриете много истории на вегетарианци, които дори не си правят клизма преди анален секс – причината за това е, че приемат достатъчно количество фибри и режимът им позволява да бъдат напълно чисти.",0,0,0,0,211
"Тези, които се хранят с месо пък пият добавки с фибри.",0,0,0,0,54
"Фибрите са изключително полезни за тези, които искат да се изчистят по-лесно.",0,0,0,0,77
"Не прекалявайте с дозата, обаче, и пийте достатъчно вода.",0,0,0,0,57
Открийте най-подходящия начин за подготовка:,0,0,0,0,44
Някои пасивни сами усещат кога са готови.,0,0,0,0,41
"Те имат невероятната способност да са сигурни, че дебелото им черво е кристално чисто и нямат нужда от никаква друга подготовка.",0,0,0,0,128
"Те, обаче, не се срещат толкова често и си остават мистерия за повечето.",0,0,0,0,72
Най-често използваният метод за подготовка е клизмата с т.нар.,0,0,0,0,62
‘анален душ’.,0,0,0,0,13
В повечето случаи те вършат добра работа.,0,0,0,0,41
Отделете си време за подготовка:,0,0,0,0,32
"Не е хубаво да претупвате подготовката за анален секс, когато си правите клизма.",0,0,0,0,80
"Не е достатъчно просто да вкарате малко вода, нужно е и да отпуснете мускулите си и да се почувствате комфортно с чувството на проникване преди да преминете към играта.",0,0,0,0,168
Указания за правенето на клизма ще намерите лесно в интернет.,0,0,0,0,61
Най-ключовото е да не използвате твърде студена или твърде гореща вода и да се въоръжите с търпение.,0,0,0,0,100
Тренирайте се със секс играчки:,0,0,0,0,31
"Оргазмът по време на анален секс е винаги по-мощен, но много гей мъже обичат и чувството на отварянето отпускането на аналния сфинктер.",0,0,0,0,135
Всъщност отпускането и стягането на този мускул си е същинско еротично изживяване.,0,0,0,0,82
"Много пасивни мъже откриват това чувство, използвайки секс играчки.",0,0,0,0,67
Гей сексът често се фокусира най-вече върху простатата.,0,0,0,0,55
"Със секс играчките, обаче, най-вероятно ще откриете много нови усещания.",0,0,0,0,72
Те ще ви направят по-добър пасивен и ще ви накарат да свикнете по-лесно с особеностите на аналния секс.,0,0,0,0,103
Не забравяйте лубриканта:,0,0,0,0,25
Лубрикантът е изключително важен при аналния секс.,0,0,0,0,50
"Някои мъже използват слюнка, но тя няма да бъде достатъчна, ако активните партньори са по-груби.",0,0,0,0,96
Затова препоръчваме лубрикант на водна или силиконова основа.,0,0,0,0,61
Не се притеснявайте твърде много за ‘инциденти’:,0,0,0,0,48
"Повечето пасивни гей мъже изпадат в паника при идеята, че може би не са се изчистили достатъчно добре.",0,0,0,0,102
"И макар и повечето активни да предпочитат да сте чисти, всички знаят, че никой няма пълен контрол над тялото си, дори след клизма.",0,0,0,0,130
Затова няма смисъл да се притеснявате твърде много за това и да развалите изживяването си.,0,0,0,0,90
Ако забележите кръв – спрете:,0,0,0,0,29
"Внимавайте, ако забележите кръв по време на анален секс.",0,0,0,0,56
"Когато активният не е достатъчно внимателен или вие не сте достатъчно широки, може да се получат фисури.",0,0,0,0,104
"Когато това се случи, риска от заразяване с ХИВ или други сексуално предавани инфекции се увеличава значително.",0,0,0,0,111
"Ако сте наистина отдадени на аналния секс и го практикувате често, това ще се случи в един или друг момент.",0,0,0,0,107
Не се паникьосвайте.,0,0,0,0,20
"Раничките заздравяват (макар и бавно – понякога са нужни месеци), а фибрите помагат за по-бързото възстановяване.",0,0,0,0,113
"Изследвайте се редовно, ако правите секс без презерватив:",0,0,0,0,57
"Живеем във времена, в които много гей мъже приемат PrEP и се предпазват от вируса ХИВ, дори когато правят секс без презерватив.",0,0,0,0,127
"Не е редно да забравяме и за другите сексуално предавани инфекции, обаче.",0,0,0,0,73
"PrEP не предпазва от хламидия, гонорея и сифилис.",0,0,0,0,49
Повечето клиниките препоръчват изследване на всеки три месеца.,0,0,0,0,62
Така ще може да хванете инфекциите на време и да предотвратите влошаването им.,0,0,0,0,78
Лекарствата за стомашно разстройство ще ви помогнат да сте по-чисти:,0,0,0,0,68
"Някои гей мъже взимат Имодуим или което и да е лекарство, което спира стомашното разстройство, няколко часа преди секс, тъй като тези лекарства стягат червата и забавят процеса.",0,0,0,0,177
Клизмата и лекарството със сигурност ще ви подготвят за дълга вечер/нощ.,0,0,0,0,72
"Разбира се, някои гей мъже или специалисти ще ви кажат, че не е полезно да правите това, но честите клизми и грубия секс, причиняващ анални фисури, също не са полезни.",0,0,0,0,167
"След като се разкриеш като гей или бисексуален, идеята за секс с друг мъж често ти се струва стряскаща.",0,0,0,0,103
"Макар и да изглежда просто на пръв поглед, понякога е трудно да се отдадеш емоционално и интимно на друг човек, когато нямаш натрупан опит.",0,0,0,0,139
Затова ние сме насреща с няколко полезни съвета:,0,0,0,0,48
Красивите мъже са безкрайно много:,0,0,0,0,34
Красивите мъже са навсякъде.,0,0,0,0,28
"Затова не се тревожи, ако някой те отхвърли или не отвърне на чувствата ти.",0,0,0,0,75
Това не е краят на света!,0,0,0,0,25
Не взимай глупави решения само за да правиш секс с някого.,0,0,0,0,58
Отпусни се.,0,0,0,0,11
Животът е пред теб – ще имаш достатъчно време да спиш с красавци.,0,0,0,0,65
Използвай презерватив:,0,0,0,0,22
"Ако си се разкрил съвсем наскоро и все още свикваш със свободата, сексуално-предадената инфекция е последното нещо, с което искаш да се занимаваш.",0,0,0,0,146
Затова винаги използвай презерватив!,0,0,0,0,36
Уточни по какво си падаш предварително:,0,0,0,0,39
Сексът не е игра за познаване и догадки.,0,0,0,0,40
"Ако нещо специфично ти харесва, кажи на партньора си предварително, че ще ти хареса, ако той го направи.",0,0,0,0,104
Това е един от големите плюсове на приложения като Grindr.,0,0,0,0,58
Можеш спокойно и свободно да споделиш любимите си фантазии още преди да се срещнете.,0,0,0,0,84
Комуникацията по време на секс е важна:,0,0,0,0,39
"Освен че е хубаво да уточниш по какво си падаш преди началото на сексуалния акт, комуникацията по време на секса също е полезна.",0,0,0,0,128
Ако позата не ти харесва – кажи му.,0,0,0,0,35
Той не чете мисли.,0,0,0,0,18
Обясни му как се чувстваш.,0,0,0,0,26
Не се ограничавай само до един тип мъже:,0,0,0,0,40
"Всички имаме определен тип мъже, които ни привличат.",0,0,0,0,52
"Това, обаче, не означава, че не ти е позволено да експериментираш.",0,0,0,0,66
Винаги е добре да си разшириш хоризонтите.,0,0,0,0,42
Често обществените норми ни диктуват – кое е привлекателно и кое – не.,0,0,0,0,70
"Когато успеем да надскочим тези граници, често научаваме нови неща за себе си.",0,0,0,0,78
Не се ограничавай до една роля:,0,0,0,0,31
2019 година сме.,0,0,0,0,16
Ролите ‘активен’ и ‘пасивен’ са толкова вчерашни.,0,0,0,0,49
Опитай всичко.,0,0,0,0,14
"Когато си ‘гъвкав’ това те прави по-добър в леглото, защото научаваш особеностите и механиките и на двете позиции.",0,0,0,0,114
Можеш да кажеш ‘не’ по всяко време:,0,0,0,0,35
Не се срамувай да кажеш ‘не’ по всяко време – дори да е по време на секс.,0,0,0,0,73
"Ако не се чувстваш комфортно, винаги можеш да прекратиш сексуалния акт.",0,0,0,0,71
В това няма нищо странно или срамно.,0,0,0,0,36
Не се срамувай да попиташ някого за статуса му:,0,0,0,0,47
Никога не трябва да се срамуваш да попиташ някого за статуса му или да го накараш да използва презерватив.,0,0,0,0,106
"Във времената на PrEP все повече хора правят секс без презерватив, но това не означава, че ти нямаш право на избор.",0,0,0,0,115
Използвай лубрикант:,0,0,0,0,20
Лубрикантът е новия ти най-добър приятел!,0,0,0,0,41
"Колкото повече, толкова повече.",0,0,0,0,31
Добре е да проучиш кой вид лубрикант е най-добър за теб.,0,0,0,0,56
"Някои мъже предпочитат тези на водна основа, а други – на силиконова основа.",0,0,0,0,76
"Учени от Университета на Арканзас, САЩ, откриха, че въпреки, че хетеро партньорите правят секс по-често, бисексуалните жени и лесбийките имат повече оргазми – много повече.",0,0,0,0,172
"Изследването, в което са участвали 2300 души, показало, че шансът жена да стигне до оргазъм е 33% по-голям, когато прави секс с друга жена.",0,0,0,0,139
Те също така по-често изпитват по няколко оргазма.,0,0,0,0,50
Жените в еднопоолви връзки имат по средно 55 оргазма на месец.,0,0,0,0,62
"Това е в ярък контраст с жените в хетеро връзки, които успяват да свършат едва 7 пъти.",0,0,0,0,86
"Dr Kristen Jozkowski коментира така: „Секс, който включва по-разнообразно сексуално поведение води до повече оргазми при жените.“ А сексът между жени е „вълнуващо разнообразен“, добавя тя.",0,0,0,0,188
Учените измерили докладваната честота на оргазми при хора от целия сексуален спектър.,0,0,0,0,85
"Те открили, че хетеро мъжете най-често казват, че „обикновено винаги вършват“ – цели 95%.",0,0,0,0,89
При хетеро жените обаче това се случва само в 65% от случаите.,0,0,0,0,62
"Тази разлика е добре документирана и в академичните среди се смята, че жените просто стигат до оргазъм по-рядко от мъжете.",0,0,0,0,122
"Оказва се, че това е хетеронормативна теория.",0,0,0,0,45
"За сравнение, гей мъжете стигат до оргазъм в 89% от сексуалните си актове, а лесбийките – 86%.",0,0,0,0,94
"Тези резултати идват след миналогодишно изследване, което показа, че гей мъжете и лесбийките са по-добри в секса от хетеро хората.",0,0,0,0,130
Популярният порно сайт YouPorn публикува резултатите от любопитно проучване сред потребителите си.,0,0,0,0,98
"Участниците били питани колко често гледат порно, в което хора от собствения им пол правят секс помежду си.",0,0,0,0,107
"В 23% от времето, което хетеросексуалните мъже отделят за гледане на порно, те се наслаждават именно на ласки между мъже.",0,0,0,0,121
Този резултат бледнее в сравнение с данните за хетеро жените – 39% от порно диетата им включва лесбийки.,0,0,0,0,104
"Допитването установило още, че 24% от мъжете, идентифициращи се като хетеро, са правили гей секс.",0,0,0,0,97
"При жените процентът отново е по-висок, 36%.",0,0,0,0,44
Опасно ли е да правите свирки?,0,0,0,0,30
"Да, възможно е да се заразите с ХИВ от оралния секс, но вероятността това да се случи е доста малка.",0,0,0,0,100
"Никой не знае колко опасен всъщност е оралният секс, отчасти защото повечето мъже не приключват с една свирка, а продължават и със секс, и е трудно да се определи кое от двете действия е било причината за заразяването.",0,0,0,0,218
"Рискът е малък, но все пак съществува.",0,0,0,0,38
"Оралният секс е най-честият вид гей секс, което съпоставено с малкото на брой случаи на заразяване с ХИВ от орален контакт и статистиката, че 95% от всички случаи на заразяване се дължат на чукане, това може и да ни поуспокои малко и да полапаме.",0,0,0,0,246
"Причината оралният секс да е по-безопасен е, че гърлото не е толкова податливо на зарази както задника, а също така устата и гърлото не са толкова предразположени към усвояване на течности в кръвоносния поток както тъканта на ануса.",0,0,0,0,232
Дори да гълтате и в спермата да се съдържа вируса на ХИВ обикновено той ще бъде убит от силните стомашни киселини в стомаха.,0,0,0,0,124
"Дори да сте голям фен на гълтането, все пак не го правете, за да минимизирате всички рискове.",0,0,0,0,93
"Не забравяйте, че вируси и бактерии, но в малки количества, се съдържат и в пре-спермата, която се отделя преди изпразването.",0,0,0,0,125
Как да намалите риска от зараза при свирки?,0,0,0,0,43
"Презервативът ще свърши отлична работа, но е някак странно да правиш свирки на някой с презерватив, все едно ядеш десерт с опаковката.",0,0,0,0,134
"Ако гърлото ви боли или е пресъхнало, ако имате рани в устата или афти, ако имате отворени дупки или паднали пломби в устата, ако венците ви кървят, има много по-голяма вероятност да се заразите с болест и избягвайте оралния секс в такива случаи.",0,0,0,0,246
Ако използвате вода за уста преди или след орален секс ще отстраните предпазните свойства на слюнката и така може да повишите риска си от инфекции.,0,0,0,0,147
"Няма нужда да го казваме, но ако този на когото духате е ХИВ-позитивен или преминава през лечение, рискът е доста по-голям.",0,0,0,0,123
"Независимо, че рискът от предаване на ХИВ при орален секс е малък, доста други заболявания предавани по полов път дебнат да преминат през устата, включително хламидия, гонорея, херпес или сифилис.",0,0,0,0,196
Отново може да избегнете това като ползвате кондоми при орален секс.,0,0,0,0,68
Колко е опасно да ти духат?,0,0,0,0,27
"Няма регистрирани случаи на заразени със СПИН от това, че някой им е духал.",0,0,0,0,75
"Но, внимание, по-горните болести като гонорея могат да се предадат и по този начин.",0,0,0,0,83
"И това е така, защото всички тези заболявания са много по-инфекциозни от ХИВ.",0,0,0,0,77
"Тъй като ни е ясно, че няма да сложите презерватив следващия път, когато духате на някой, ви съветваме често да си правите здравни изследвания за полово-предавани болести, за да сте сигурни, че каквото и да сте лепнали е диагностицирано навреме и лекувано правилно.",0,0,0,0,265
"Материалът е подготвен в сътрудничество с фондация GMFA, водещата благотворителна организация във Великобритания, посветена на гей здравето.",0,0,0,0,140
http://www.gmfa.org.uk/,0,0,0,0,23
"Активната роля по време на гей секс може би изглежда лесна, но тя върви ръка за ръка със своите особености и предизвикателства.",0,0,0,0,127
"Въпреки че сексуалната игра винаги е нещо вълнуващо, възможно е да не знаете от къде да започнете.",0,0,0,0,98
"Съществуват и някои грешни движения, които биха могли да наранят партньора ви и да направят изживяването неприятно.",0,0,0,0,115
"Това, обаче, не трябва да е причина за тревога – с малко практика и повече комуникация и доверие ще се превърнете в супергерой.",0,0,0,0,127
"Междувременно, ние сме насреща с няколко важни съвета:",0,0,0,0,54
Какво означава да си ‘активен’?,0,0,0,0,31
Да започнем от самото начало.,0,0,0,0,29
"Активният е този, който прониква по време на сексуалния акт.",0,0,0,0,60
"Повечето хора свързват активните с качества, като доминантност и настойчиво отношение, но те не винаги отговарят на реалността.",0,0,0,0,127
"Ако сте активни и се очаква обмен на телесни течности е важно да се възползвате от предпазни мерки и да сте наясно със статуса си, когато става дума за сексуално предавани инфекции.",0,0,0,0,181
"Как да знам, дали съм ‘активен’?",0,0,0,0,32
"Добрата новина е, че всеки може да бъде ‘активен’.",0,0,0,0,50
"Колкото повече сексуален опит натрупате, толкова по-сигурни ще сте в ролята, която предпочитате.",0,0,0,0,96
"Някои предпочитат да са единствено активни, други предпочитат да са единствено пасивни, а трети харесват и двете и преценяват според партньора и настроението.",0,0,0,0,158
"Добър начин да разберете предпочитаната си роля е да експериментирате с партньор, на когото имате доверие и да прецените какво ви харесва.",0,0,0,0,138
"Как да се подготвя за секс, когато съм ‘активен’?",0,0,0,0,49
"Сексът се получава най-добре, когато предварително са обсъдени очакванията, границите и предпочитанията.",0,0,0,0,104
"Обсъдете какво ви харесва или за кое не сте сигурни, но искате да опитате.",0,0,0,0,74
"Препоръчително е пасивните да се погрижат за специфичната хигиена преди сексуалния контакт, особено ако е планиран анален секс.",0,0,0,0,127
"Разбира се, добре е и вие да сте се подготвили и да сте чисти, освен ако партньора не предпочита обратното.",0,0,0,0,107
"Добре е и да поддържате ноктите си къси, ако планирате да използвате пръстите си.",0,0,0,0,81
Как да се справя с тревожни мисли относно представянето ми като ‘активен’?,0,0,0,0,74
"Ако сте активни за първи път, започнете бавно и не бързайте.",0,0,0,0,60
"Не очаквайте нещата да се случват, както в порно филмите още от първата минута.",0,0,0,0,79
Приемете секса за градивен процес и постоянно комуникирайте с партньора ви и наблюдавайте как се чувства той.,0,0,0,0,109
"Вашето спокойствие е ключов елемент от успешното ви представяне, затова не се тревожете излишно.",0,0,0,0,96
"Ако ви е трудно да контролирате емоциите си, опитайте се да създадете отпускаща атмосфера с подходящо осветление и музика.",0,0,0,0,122
Къде се намира G-точката при мъжете?,0,0,0,0,36
"Вероятно сте чували, че в дупето на мъжа има една специална точка, която е източник на удоволствие.",0,0,0,0,99
Това е простатата.,0,0,0,0,18
"Понякога може да е трудно да я откриете с пениса си, но с пръстите ще се улесните значително.",0,0,0,0,93
"Добре е да започнете, като я откриете първи при самите вас.",0,0,0,0,59
"Използвайте лубрикант и намерете простатата, която обикновено е разположена на 5 см от ректума и е особено чувствителна на допир.",0,0,0,0,129
Аналният секс и предпазването от вируса ХИВ:,0,0,0,0,44
Малко аспекти от аналния секс са по-важни от познаването на статуса си.,0,0,0,0,71
"Изключително важно е участващите в сексуалния акт да са обсъдили състоянието си, когато става дума за сексуално предавани инфекции.",0,0,0,0,131
"Важно е да използвате мерки, чрез които да предпазвате сексуалното си здраве, независимо дали става дума за анален секс или други типове сексуален контакт.",0,0,0,0,155
"Презервативът намалява опасността от заразяването с инфекция, но те не са единствената опция.",0,0,0,0,93
"Някои гей мъже се доверяват на PrEP терапия, която предпазва от вируса ХИВ, дори когато не се използва презерватив, но за съжаление не дава сигурност срещу другите инфекции.",0,0,0,0,173
"Съществуват и хапчета (PEP), които могат да се приемат и един ден след сексуалния акт, в случай, че смятате, че сте били изложени на опасност.",0,0,0,0,142
"Какво да правя, ако партньора ми усеща болка, докато съм ‘активен’?",0,0,0,0,67
"Понякога аналният секс може да бъде болезнен и приятен едновременно, а за някои хора по-интензивните усещания са страхотно изживяване.",0,0,0,0,134
"При добра комуникация и повече внимание от ваша страна, контузиите не са толкова вероятни.",0,0,0,0,90
"Добра идея е често да питате партньора ви как се чувства, дали му харесва и т.н.",0,0,0,0,80
"Ако болката, обаче, е по-силна и партньорът ви не се чувства добре е добре да забавите или да спрете.",0,0,0,0,101
Оставете на пасивния сам да определи дали и кога е добре да продължите.,0,0,0,0,71
В някои случаи аналният секс може да доведе и до по-сериозни наранявания.,0,0,0,0,73
"Понякога това се случва дори когато сте внимателни и не означава, че не сте добри в леглото.",0,0,0,0,92
Как да запазя възбудата си по време на секс?,0,0,0,0,44
"За някои хора е лесно да останат възбудени през целия сексуален акт, но при други ситуацията и възбудата може да варира.",0,0,0,0,120
"Съществуват няколко трика, които може да използвате в този случай – единият от тях е т.нар.",0,0,0,0,91
"cock ring/пенис пръстен, а друг е да намалите алкохола, тъй като той често оказва влияние.",0,0,0,0,90
"При някои хора помагат и лекарствата за мъжка потентност, но не ви препоръчваме да ги използвате без консултация с медицинско лице.",0,0,0,0,131
"В крайна сметка, ако не сте възбудени през цялото време, това не е края на света.",0,0,0,0,81
"Винаги може да извадите, да си отдъхнете, да се заиграете по други начини и после да продължите, когато се възбудите отново.",0,0,0,0,124
Автор: Мат Баум,0,0,0,0,15
"Казваме се Марина и Ради и живеем в Лондон, Великобритания от 2003 и 2008 респективно.",0,0,0,0,86
"Запознахме се тук, през зимата на 2008 в един център за обучение в северен Лондон, който специализира в провеждането на кратки курсове за различни видове сертификати и квалификации.",0,0,0,0,181
"Ради си спомня, че ме е чула да говоря на български по телефона.",0,0,0,0,64
"Аз помня, че се заговорихме във фоайето на сградата и от дума на дума предположихме, че сме там, за да посетим един и същи курс, докато не се озовахме в стая в която бяхме информирани, че аз съм на правилното място, но Ради липсва от списъка с имена на провеждащият обучението.",0,0,0,0,277
"Разговорът ни макар и кратък явно е бил толкова приятен и за двете, че инстинктивно ни се е искало да прекараме остатъка от деня заедно.",0,0,0,0,136
"Ради откри стаята, в която всъщност се провеждаше нейния курс, и повече не се видяхме.",0,0,0,0,86
"До пролетта на 2009, когато едно познато, усмихнато, чаровно лице с излъчване на пакостник се появи на работното ми място.",0,0,0,0,122
Станахме близки веднага след това и започнахме да прекарваме много време заедно извън работа.,0,0,0,0,93
"По това време аз бях в няколко годишна връзка с бащата на все още неродения ми син, а Ради тъкмо беше набрала смелост да излиза публично на светло за сексуалността си.",0,0,0,0,167
"Смените ни на работа често се разминаваха, и се изпращахме на метростанцията след края на моята смяна и преди началото на нейната, за да можем да наваксаме с разговорите.",0,0,0,0,170
Имахме толкова много общи теми и никога не ни беше скучно заедно.,0,0,0,0,65
"Спомням си как в един такъв ден тя внезапно изстреля “Между другото, аз съм лесбийка”, веднага след което въздъхна “Ох, казах го на няколко души вече, и ти си първият човек на който го съобщавам без да ми избие пот по дланите.” Аз ѝ отвърнах “Е, аз пък съм бисексуална, въпреки че не ми се е налагало да го заявявам официално.” В последствие тя сподели, че от ранна тийнейджърска възраст е знаела, че ще напусне България, за да може да бъде свободно себе си.",0,0,0,0,458
"Моите причини да дойда в Англия не бяха свързани толкова със сексуалната ми ориентация, колкото с усещането, че България въобще не е в унисон с вътрешния ми свят.",0,0,0,0,162
"Преди да емигрирам работех като учителка по английски на ученици от първи клас в 121 СОУ и въпреки че обожавах работата си и децата също много ме обичаха, не плувах в свои води в България.",0,0,0,0,188
"Надделя нуждата, която дълго време изпитвах, а именно да се изгубя на непознато място, за да се почувствам у дома си.",0,0,0,0,117
"Родих на 1 юни 2010 г, и малко след това, връзката с бащата на сина ми се разпадна съвсем.",0,0,0,0,90
"Ради беше наоколо и ми беше постоянна подкрепа в този труден момент и вече можех да призная пред себе си, че отвъд близостта и приятелството ни има нещо по-специално.",0,0,0,0,166
Така постепенно се зароди връзката ни.,0,0,0,0,38
"Ради винаги е твърдяла, че влюбвайки се в мен, се е влюбила и в растящото в мен малко човече, и аз винаги съм го усещала.",0,0,0,0,121
И така естествено тя влезе в ролята на другия родител и това постави началото на нашето семейство.,0,0,0,0,98
"Няма да е изненада за никого ако призная, че едно от многото предимства на това да сме семейство тук е, че се радваме на права, които не бихме имали в България.",0,0,0,0,160
"Не ни се налага да се сблъскваме с враждебно хомофобско отношение, докато то е ежедневие за много семейства като нашето в България.",0,0,0,0,131
"Разбира се, и тук има достатъчно хора които таят предразсъдъци към ЛГБТИ+ общността, но им се налага да се съобразяват и са наясно, че ако си позволят да дискриминират на основа сексуална ориентация и полова идентичност, ще си носят легалните последствия.",0,0,0,0,255
"В последните няколко години сериозно обмисляме емиграция към един остров в южното полукълбо, защото въпреки предимствата с легалния ни статус на семейство тук, се появиха фактори които правят Великобритания чувствително по-малко приятно за живеене място от преди.",0,0,0,0,263
"Тепърва започват да се усещат отрицателни промени покрай излизането на Обединеното кралство от ЕС, които ще се задълбочават с времето, и с които не желаем да правим компромис.",0,0,0,0,175
"И въпреки трудностите и несправедливостите, с които се сблъскваме в ежедневието си в резултат на неадекватни политики, за нас няма вариант да се завърнем в България.",0,0,0,0,165
"Няма как след единадесет години заедно, да заживеем на място, на което ще ни се налага да цензурираме съществуването си и на което можем да бъдем себе си предимно зад затворени врати.",0,0,0,0,183
"Място, на което детето ни ще е подложено на тормоз в училище, защото семейството му не е като тези на болшинството от съучениците му.",0,0,0,0,133
"Следим с интерес и вълнение дейността на организациите, които са се посветили на борба за правата на ЛГБТИ+ общността в България и изпитваме огромно уважение към всички активисти, чиято работа често е свързана с немислими за нашата реалност перипетии, стрес и понякога дори смъртни заплахи .",0,0,0,0,291
"Досега не сме имали възможност да присъстваме физически на София Прайд, тъй като датата съвпада с момент от годината, в който е почти невъзможно да пътуваме заради семейни ангажименти.",0,0,0,0,184
"Най-големият медицински център в Израел и здравни работници от болници в цялата страна се обявиха срещу изказвания на съюзници на Бенямин Нетаняху, които призовават за закон, позволяващ дискриминация на ЛГБТИ+ хората в болниците и здравните предприятия.",0,0,0,0,253
"Това е част от по-широката реакция срещу изказвания, направени миналата седмица от политици от Религиозния ционизъм, които призовават за законова дискриминация на общността.",0,0,0,0,173
"Новото правителство на Нетаняху – най-религиозното и твърдолинейно в историята на Израел – е съставено от ултраортодоксални партии, ултранационалистическа религиозна фракция и неговата партия „Ликуд„.",0,0,0,0,200
Правителството положи клетва в четвъртък и назначи първият открит гей говорител.,0,0,0,0,80
"По-рано тази седмица двама съюзници на Нетаняху от ултранационалистическата партия Религиозен ционизъм заявиха, че тяхната фракция се стреми да промени антидискриминационния закон по начин, който би позволил на лекарите да отказват услуги на ЛГБТИ+ хора въз основа на религиозни убеждения.",0,0,0,0,289
"Орит Струк, депутат от Религиозната ционистка партия, заяви, че нейната партия се стреми към промяна в антидискриминационния закон на страната, която да включва разрешение на религиозните здравни заведения да отказват да лекуват ЛГБТИ+ пациенти, „стига да има достатъчно други лекари, които да предоставят грижи„.",0,0,0,0,313
"По-късно Нетаняху упрекна Струк за забележките ѝ, като заяви, че при новото правителство няма да има ограничаване на правата на ЛГБТИ+ общността.",0,0,0,0,145
"В отговор на анти-ЛГБТИ+ наративите на членовете от новото правителство медицински център „Шеба“ пусна видео в Instagram на медици от цялата страна, в което те заявяват „Ние лекуваме всички“.",0,0,0,0,191
Скандалът може да е знак за това какво предстои на Нетаняху и новото му правителство.,0,0,0,0,85
"Партньорите му се стремят към широкообхватни промени, които могат да отчуждят голяма част от израелската общественост, да повишат риска от конфликт с палестинците и да поставят Израел в сблъсък с някои от най-близките му поддръжници, включително САЩ и американската еврейска общност.",0,0,0,0,283
